konglo,ticker,size_bucket
Agung Sedayu Group,PANI,Large
Agung Sedayu Group,CBDK,Mid
Agung Sedayu Group,ERAA,Mid
Agung Sedayu Group,INPC,Mid
Agung Sedayu Group,ERAL,Small
Agung Sedayu Group,PDPP,Small
Agung Sedayu Group,JIHD,Small
Alfa Corp,AMRT,Large
Alfa Corp,MIDI,Mid
Alfa Corp,BANK,Mid
Alfa Corp,BLOG,Small
Alfa Corp,LAJU,Micro
Artha Graha Group,INPC,Mid
Artha Graha Group,JIHD,Small
Artha Graha Group,TRUS,Small
Artha Graha Group,ECII,Micro
Astra - Jardine Matheson,ASII,Large
Astra - Jardine Matheson,UNTR,Large
Astra - Jardine Matheson,AUTO,Mid
Astra - Jardine Matheson,AALI,Mid
Astra - Jardine Matheson,ARKO,Mid
Astra - Jardine Matheson,HEAL,Mid
Astra - Jardine Matheson,ASGR,Small
Astra - Jardine Matheson,ACST,Small
Astra - Jardine Matheson,HERO,Small
Bakrie Group,BRMS,Large
Bakrie Group,BUMI,Large
Bakrie Group,VKTR,Large
Bakrie Group,ENRG,Large
Bakrie Group,BNBR,Mid
Bakrie Group,DEWA,Mid
Bakrie Group,MDIA,Mid
Bakrie Group,JGLE,Small
Bakrie Group,ELTY,Small
Bakrie Group,VIVA,Small
Barito Group (Prajogo Pangestu),BREN,Large
Barito Group (Prajogo Pangestu),TPIA,Large
Barito Group (Prajogo Pangestu),BRPT,Large
Barito Group (Prajogo Pangestu),CUAN,Large
Barito Group (Prajogo Pangestu),CDIA,Large
Barito Group (Prajogo Pangestu),PTRO,Large
Barito Group (Prajogo Pangestu),RATU,Mid
Barito Group (Prajogo Pangestu),SSIA,Mid
Bayan Resources Group,BYAN,Large
Bayan Resources Group,TOTL,Mid
Bayan Resources Group,MYOH,Small
Bayan Resources Group,VOKS,Small
Bayan Resources Group,TRJA,Micro
Charoen Pokphand Group,CPIN,Large
Charoen Pokphand Group,CPRO,Small
CT Corp (Chairul Tanjung),MEGA,Large
CT Corp (Chairul Tanjung),GIAA,Mid
CT Corp (Chairul Tanjung),BBHI,Mid
Djarum Group (Hartono Brothers),BBCA,Large
Djarum Group (Hartono Brothers),BELI,Large
Djarum Group (Hartono Brothers),TOWR,Mid
Djarum Group (Hartono Brothers),ARKO,Mid
Djarum Group (Hartono Brothers),HEAL,Mid
Djarum Group (Hartono Brothers),SSIA,Mid
Djarum Group (Hartono Brothers),DATA,Small
Djarum Group (Hartono Brothers),RANC,Small
Emtek Group (Elang Mahkota),EMTK,Mid
Emtek Group (Elang Mahkota),SCMA,Mid
Emtek Group (Elang Mahkota),BUKA,Mid
Emtek Group (Elang Mahkota),ANJT,Mid
Emtek Group (Elang Mahkota),CASS,Mid
First Resources,FAPA,Mid
First Resources,ANJT,Mid
FKS Group,FISH,Mid
FKS Group,AISA,Small
Gajah Tunggal - MAP Group,MAPI,Mid
Gajah Tunggal - MAP Group,MAPA,Mid
Gajah Tunggal - MAP Group,GJTL,Mid
Gajah Tunggal - MAP Group,MAPB,Small
Gajah Tunggal - MAP Group,BGTG,Small
Gajah Tunggal - MAP Group,GSMF,Small
Gajah Tunggal - MAP Group,ADMG,Small
Garuda Food,GOOD,Mid
Garuda Food,KEJU,Mid
Haji Isam,PGUN,Large
Haji Isam,JARR,Mid
Haji Isam,ASLI,Small
Haji Isam,TEBE,Small
Haji Isam,FAST,Small
Happy Hapsoro (Rukun Raharja),PTRO,Large
Happy Hapsoro (Rukun Raharja),ARCI,Large
Happy Hapsoro (Rukun Raharja),SINI,Mid
Happy Hapsoro (Rukun Raharja),BUVA,Mid
Happy Hapsoro (Rukun Raharja),RAJA,Mid
Happy Hapsoro (Rukun Raharja),RATU,Mid
Happy Hapsoro (Rukun Raharja),CBRE,Mid
Happy Hapsoro (Rukun Raharja),PSKT,Small
Happy Hapsoro (Rukun Raharja),MINA,Small
Happy Hapsoro (Rukun Raharja),PADI,Small
Harita Group,NCKL,Large
Harita Group,CITA,Mid
Hashim (Arsari),WIFI,Mid
Hashim (Arsari),INET,Mid
Hashim (Arsari),PADA,Small
Karunia Prima Nastari (KPN-Wilmar),CMNT,Mid
Karunia Prima Nastari (KPN-Wilmar),CEKA,Small
Lippo Group,MLPT,Large
Lippo Group,SILO,Mid
Lippo Group,NOBU,Mid
Lippo Group,LPKR,Mid
Lippo Group,LPPF,Mid
Lippo Group,LPCK,Mid
Lippo Group,LPGI,Small
Lippo Group,MPPA,Small
Lippo Group,MLPL,Small
Lippo Group,GMTD,Small
Lippo Group,LPLI,Micro
Lippo Group,KBLV,Micro
Lippo Group,LPPS,Micro
Lippo Group,LPIN,Micro
Mandiri Coal Group,MCOL,Mid
Mandiri Coal Group,MAHA,Small
Mayapada Group,SRAJ,Large
Mayapada Group,MPRO,Large
Mayapada Group,MAYA,Mid
Mayapada Group,SONA,Small
Medco - Amman Mineral,AMMN,Large
Medco - Amman Mineral,MEDC,Large
Pakuwon Group,PWON,Mid
Pakuwon Group,SAME,Mid
Panin Group,PNBN,Mid
Panin Group,PNLF,Mid
Panin Group,KIJA,Mid
Panin Group,PNIN,Small
Panin Group,PNBS,Small
Panin Group,AMAG,Small
Panin Group,CFIN,Small
Panin Group,PANS,Small
Rajawali Corp,ARCI,Large
Rajawali Corp,BWPT,Mid
Rajawali Corp,FORU,Small
Salim Group,DCII,Large
Salim Group,AMMN,Large
Salim Group,DNET,Large
Salim Group,BRMS,Large
Salim Group,PANI,Large
Salim Group,ICBP,Large
Salim Group,BUMI,Large
Salim Group,INDF,Large
Salim Group,MEGA,Large
Salim Group,MEDC,Large
Salim Group,EMTK,Mid
Salim Group,BINA,Mid
Salim Group,DEWA,Mid
Salim Group,LSIP,Mid
Salim Group,SIMP,Mid
Salim Group,UNIC,Mid
Salim Group,IMAS,Mid
Salim Group,IMJS,Small
Salim Group,FAST,Small
Salim Group,JECC,Small
Sinarmas Group,DSSA,Large
Sinarmas Group,SMMA,Large
Sinarmas Group,INKP,Large
Sinarmas Group,EXCL,Large
Sinarmas Group,GEMS,Large
Sinarmas Group,LIFE,Mid
Sinarmas Group,TKIM,Mid
Sinarmas Group,BSIM,Mid
Sinarmas Group,SMAR,Mid
Sinarmas Group,BSDE,Mid
Sinarmas Group,DUTI,Mid
Sinarmas Group,DMAS,Mid
Sinarmas Group,PYFA,Small
Sinarmas Group,SMDM,Small
Sungai Budi Group,TBLA,Mid
Sungai Budi Group,BUDI,Small
Tanoko Group,AVIA,Mid
Tanoko Group,RISE,Mid
Tanoko Group,CLEO,Mid
Tanoko Group,ABMM,Mid
Tanoko Group,BLES,Small
Tanoko Group,DEPO,Small
Tanoko Group,ZONE,Small
Tanoko Group,PEVE,Small
Tanoko Group,CAKK,Micro
Tanoko Group,MERI,Micro
TNT-Saratoga-Adaro,EMAS,Large
TNT-Saratoga-Adaro,AADI,Large
TNT-Saratoga-Adaro,ADRO,Large
TNT-Saratoga-Adaro,MDKA,Large
TNT-Saratoga-Adaro,ADMR,Large
TNT-Saratoga-Adaro,GOTO,Large
TNT-Saratoga-Adaro,MBMA,Large
TNT-Saratoga-Adaro,TBIG,Large
TNT-Saratoga-Adaro,SRTG,Mid
TNT-Saratoga-Adaro,BFIN,Mid
TNT-Saratoga-Adaro,ESSA,Mid
TNT-Saratoga-Adaro,TRIM,Mid
TNT-Saratoga-Adaro,PALM,Mid
TNT-Saratoga-Adaro,MPMX,Mid
TNT-Saratoga-Adaro,WOMF,Small
TNT-Saratoga-Adaro,GHON,Small
TNT-Saratoga-Adaro,GOLD,Small
Trakindo Group,GEMS,Large
Trakindo Group,ABMM,Mid
Trakindo Group,HDFA,Small
Triputra Group - Adaro Group,ADRO,Large
Triputra Group - Adaro Group,TAPG,Large
Triputra Group - Adaro Group,ESSA,Mid
Triputra Group - Adaro Group,DRMA,Mid
Triputra Group - Adaro Group,DAYA,Small
Triputra Group - Adaro Group,ASSA,Small
Triputra Group - Adaro Group,KMTR,Small
Triputra Group - Adaro Group,ASLC,Small
